Workbook

Sheet Observação Avaliador B- Turma e
A1: Ficha de Observador - Avaliação Individual de Segurança (IDSA) | B1: Aula: Medidas e Erros
A2: Turma: [ ] Controle [ X] Experimental | B2: Data: 02/09/2026
A4: Nome do Aluno | B4: 1. Jaleco (0-2) | C4: 2. Cabelos/Cabeça (0-2) | D4: 3. Calçados (0-2) | E4: 4. Insp. Vidraria (0-2) | F4: 5. Leitura Menisco (0-2) | G4: 6. Assepsia Balança (0-2) | H4: 7. Manip. Balança (0-2) | I4: 8. Org. Bancada (0-2) | J4: 9. Gestão Resíduos (0-2) | K4: Total (Máx 18) | L4: IDSA | M4: Observações / Desvios
A5: Aluno 1 | B5: 2 | C5: 1 | D5: 2 | E5: 0 | F5: 1 | G5: 2 | H5: 1 | I5: 2 | J5: 2 | K5: =SUM(B5:J5) -> 13 | L5: =(K5/18) -> 0.72222222
A6: Aluno 2 | B6: 2 | C6: 2 | D6: 2 | E6: 0 | F6: 1 | G6: 2 | H6: 1 | I6: 2 | J6: 2 | K6: =SUM(B6:J6) -> 14 | L6: =(K6/18) -> 0.77777778
A7: Aluno 3 | B7: 2 | C7: 2 | D7: 2 | E7: 0 | F7: 2 | G7: 2 | H7: 1 | I7: 2 | J7: 2 | K7: =SUM(B7:J7) -> 15 | L7: =(K7/18) -> 0.83333333
A8: Aluno 4 | B8: 2 | C8: 2 | D8: 2 | E8: 0 | F8: 2 | G8: 0 | H8: 0 | I8: 2 | J8: 2 | K8: =SUM(B8:J8) -> 12 | L8: =(K8/18) -> 0.66666667
A9: Aluno 5 | B9: 2 | C9: 1 | D9: 2 | E9: 0 | F9: 2 | G9: 0 | H9: 0 | I9: 2 | J9: 2 | K9: =SUM(B9:J9) -> 11 | L9: =(K9/18) -> 0.61111111
A10: Aluno 6 | B10: 2 | C10: 2 | D10: 2 | E10: 0 | F10: 2 | G10: 2 | H10: 2 | I10: 2 | J10: 2 | K10: =SUM(B10:J10) -> 16 | L10: =(K10/18) -> 0.88888889
A11: Aluno 7 | B11: 2 | C11: 2 | D11: 2 | E11: 0 | F11: 2 | G11: 1 | H11: 1 | I11: 2 | J11: 2 | K11: =SUM(B11:J11) -> 14 | L11: =(K11/18) -> 0.77777778
A12: Aluno 8 | B12: 2 | C12: 2 | D12: 2 | E12: 0 | F12: 2 | G12: 1 | H12: 1 | I12: 2 | J12: 2 | K12: =SUM(B12:J12) -> 14 | L12: =(K12/18) -> 0.77777778
A13: Aluno 9 | B13: 2 | C13: 2 | D13: 2 | E13: 0 | F13: 2 | G13: 2 | H13: 2 | I13: 2 | J13: 2 | K13: =SUM(B13:J13) -> 16 | L13: =(K13/18) -> 0.88888889
A14: Média do Critério | B14: =AVERAGE(B1:B13) -> 2 | C14: =AVERAGE(C1:C13) -> 1.7777778 | D14: =AVERAGE(D1:D13) -> 2 | E14: =AVERAGE(E1:E13) -> 0 | F14: =AVERAGE(F1:F13) -> 1.7777778 | G14: =AVERAGE(G1:G13) -> 1.3333333 | H14: =AVERAGE(H1:H13) -> 1 | I14: =AVERAGE(I1:I13) -> 2 | ... L14: =AVERAGE(L1:L13) -> 0.77160494
A17: LEGENDA RÁPIDA DAS 9 RUBRICAS (Notas: 2 = Seguro, 1 = Parcial/Desvio, 0 = Inseguro)
A18: Critério | B18: Descrição do Item | C18: Nota 2 (Seguro) | D18: Nota 1 (Parcial) | E18: Nota 0 (Inseguro)
A19: 1. Jaleco | B19: Vestimenta de Proteção | C19: Totalmente abotoado | D19: Aberto na maior parte | E19: Sem jaleco (usar do laboratório)
A20: 2. Cabelos/Cabeça | B20: Contenção de Cabelos e Bonés | C20: Presos / Sem boné | D20: Semi-presos | E20: Soltos / Boné inadequado
A21: 3. Calçados | B21: Uso de Calçados | C21: Totalmente fechados | D21: Sapatilha, alpargata e similar | E21: Abertos (sandálias/chinelos)
A22: 4. Insp. Vidraria | B22: Inspeção de Integridade | C22: Inspecionou trincas/lascas | D22: Sem inspeção, cuidado padrão | E22: Usou vidraria danificada sem aviso
A23: 5. Leitura Menisco | B23: Técnica de Leitura de Volume | C23: Olhos na altura correta | D23: Inclinado levemente | E23: Erro de paralaxe severo / Mov. brusco
A24: 6. Assepsia Balança | B24: Conservação do Equipamento | C24: Limpo imediatamente | D24: Sujeira leve (aviso prévio) | E24: Líquido direto no prato / Resíduo
A25: 7. Manip. Balança | B25: Uso de Espátula e Recipientes | C25: Usa espátula / Estável | D25: Dificuldade leve | E25: Contato com as mãos / Derramamento
A26: 8. Org. Bancada | B26: Organização do Espaço | C26: Apenas o essencial | D26: Itens extras | E26: Bancada caótica / Risco de queda
A27: 9. Gestão Resíduos | B27: Proatividade no Descarte | C27: Pergunta e descarta certo | D27: Hesita, mas corrige | E27: Descarte incorreto sem verificar

Sheet Observação Avaliador A - Turma 
A1: Ficha de Observador - Avaliação Individual de Segurança (IDSA) | B1: Aula: Medidas e Erros
A2: Turma: [ ] Controle [X] Experimental | B2: Data: 02/09/2026
A4: Nome do Aluno | B4: 1. Jaleco (0-2) | C4: 2. Cabelos/Cabeça (0-2) | D4: 3. Calçados (0-2) | E4: 4. Insp. Vidraria (0-2) | F4: 5. Leitura Menisco (0-2) | G4: 6. Assepsia Balança (0-2) | H4: 7. Manip. Balança (0-2) | I4: 8. Org. Bancada (0-2) | J4: 9. Gestão Resíduos (0-2) | K4: Total (Máx 18) | L4: IDSA | M4: Observações / Desvios
A5: Aluno 1 | B5: 2 | C5: 1 | D5: 2 | E5: 0 | F5: 2 | G5: 0 | H5: 0 | I5: 2 | J5: 2 | K5: =SUM(B5:J5) -> 11 | L5: =K5/18 -> 0.61111111
A6: Aluno 2 | B6: 2 | C6: 2 | D6: 2 | E6: 0 | F6: 2 | G6: 0 | H6: 0 | I6: 2 | J6: 2 | K6: =SUM(B6:J6) -> 12 | L6: =K6/18 -> 0.66666667
A7: Aluno 3 | B7: 2 | C7: 2 | D7: 2 | E7: 0 | F7: 2 | G7: 2 | H7: 1 | I7: 2 | J7: 2 | K7: =SUM(B7:J7) -> 15 | L7: =K7/18 -> 0.83333333
A8: Aluno 4 | B8: 2 | C8: 2 | D8: 2 | E8: 0 | F8: 2 | G8: 2 | H8: 1 | I8: 2 | J8: 2 | K8: =SUM(B8:J8) -> 15 | L8: =K8/18 -> 0.83333333
A9: Aluno 5 | B9: 2 | C9: 2 | D9: 2 | E9: 0 | F9: 2 | G9: 2 | H9: 1 | I9: 2 | J9: 2 | K9: =SUM(B9:J9) -> 15 | L9: =K9/18 -> 0.83333333
A10: Aluno 6 | B10: 2 | C10: 2 | D10: 2 | E10: 0 | F10: 1 | G10: 2 | H10: 1 | I10: 2 | J10: 2 | K10: =SUM(B10:J10) -> 14 | L10: =K10/18 -> 0.77777778
A11: Aluno 7 | B11: 2 | C11: 1 | D11: 2 | E11: 0 | F11: 1 | G11: 2 | H11: 1 | I11: 2 | J11: 2 | K11: =SUM(B11:J11) -> 13 | L11: =K11/18 -> 0.72222222
A12: Aluno 8 | B12: 2 | C12: 2 | D12: 2 | E12: 0 | F12: 2 | G12: 2 | H12: 1 | I12: 2 | J12: 2 | K12: =SUM(B12:J12) -> 15 | L12: =K12/18 -> 0.83333333
A13: Aluno 9 | B13: 2 | C13: 2 | D13: 2 | E13: 0 | F13: 2 | G13: 2 | H13: 1 | I13: 2 | J13: 2 | K13: =SUM(B13:J13) -> 15 | L13: =K13/18 -> 0.83333333
A14: Média do Critério | B14: =AVERAGE(B5:B13) -> 2 | C14: =AVERAGE(C5:C13) -> 1.7777778 | D14: =AVERAGE(D5:D13) -> 2 | E14: =AVERAGE(E5:E13) -> 0 | F14: =AVERAGE(F5:F13) -> 1.7777778 | G14: =AVERAGE(G5:G13) -> 1.5555556 | H14: =AVERAGE(H5:H13) -> 0.77777778 | I14: =AVERAGE(I5:I13) -> 2 | ... L14: =AVERAGE(L5:L13) -> 0.77160494
A17: LEGENDA RÁPIDA DAS 9 RUBRICAS (Notas: 2 = Seguro, 1 = Parcial/Desvio, 0 = Inseguro)
A18: Critério | B18: Descrição do Item | C18: Nota 2 (Seguro) | D18: Nota 1 (Parcial) | E18: Nota 0 (Inseguro)
A19: 1. Jaleco | B19: Vestimenta de Proteção | C19: Totalmente abotoado | D19: Aberto na maior parte | E19: Sem jaleco (usar do laboratório)
A20: 2. Cabelos/Cabeça | B20: Contenção de Cabelos e Bonés | C20: Presos / Sem boné | D20: Semi-presos | E20: Soltos / Boné inadequado
A21: 3. Calçados | B21: Uso de Calçados | C21: Totalmente fechados | D21: Sapatilha, alpargata e similar | E21: Abertos (sandálias/chinelos)
A22: 4. Insp. Vidraria | B22: Inspeção de Integridade | C22: Inspecionou trincas/lascas | D22: Sem inspeção, cuidado padrão | E22: Usou vidraria danificada sem aviso
A23: 5. Leitura Menisco | B23: Técnica de Leitura de Volume | C23: Olhos na altura correta | D23: Inclinado levemente | E23: Erro de paralaxe severo / Mov. brusco
A24: 6. Assepsia Balança | B24: Conservação do Equipamento | C24: Limpo imediatamente | D24: Sujeira leve (aviso prévio) | E24: Líquido direto no prato / Resíduo
A25: 7. Manip. Balança | B25: Uso de Espátula e Recipientes | C25: Usa espátula / Estável | D25: Dificuldade leve | E25: Contato com as mãos / Derramamento
A26: 8. Org. Bancada | B26: Organização do Espaço | C26: Apenas o essencial | D26: Itens extras | E26: Bancada caótica / Risco de queda
A27: 9. Gestão Resíduos | B27: Proatividade no Descarte | C27: Pergunta e descarta certo | D27: Hesita, mas corrige | E27: Descarte incorreto sem verificar

Sheet Página3
A1: Ficha de Observador - Avaliação Individual de Segurança (IDSA) | B1: Aula: Medidas e Erros
A2: Turma: [X] Controle [ ] Experimental | B2: Data: 11/09/2026
A4: Nome do Aluno | B4: 1. Jaleco (0-2) | C4: 2. Cabelos/Cabeça (0-2) | D4: 3. Calçados (0-2) | E4: 4. Insp. Vidraria (0-2) | F4: 5. Leitura Menisco (0-2) | G4: 6. Assepsia Balança (0-2) | H4: 7. Manip. Balança (0-2) | I4: 8. Org. Bancada (0-2) | J4: 9. Gestão Resíduos (0-2) | K4: Total (Máx 18) | L4: IDSA | M4: Observações / Desvios
A5: Aluno 1 | B5: 2 | C5: 1 | D5: 2 | E5: 0 | F5: 1.33 | G5: 0 | H5: 0 | I5: 2 | J5: 2 | K5: =SUM(B5:J5) -> 10.33 | L5: =(K5/18) -> 0.57388889
A6: Aluno 2 | B6: 2 | C6: 2 | D6: 2 | E6: 0 | F6: 1 | G6: 0 | H6: 0 | I6: 2 | J6: 2 | K6: =SUM(B6:J6) -> 11 | L6: =(K6/18) -> 0.61111111
A7: Aluno 3 | B7: 1 | C7: 1 | D7: 2 | E7: 0 | F7: 0.66 | G7: 0 | H7: 0 | I7: 2 | J7: 2 | K7: =SUM(B7:J7) -> 8.66 | L7: =(K7/18) -> 0.48111111
A8: Aluno 4 | B8: 2 | C8: 1 | D8: 2 | E8: 0 | F8: 1 | G8: 2 | H8: 1 | I8: 2 | J8: 2 | K8: =SUM(B8:J8) -> 13 | L8: =(K8/18) -> 0.72222222
A9: Aluno 5 | B9: 1 | C9: 2 | D9: 2 | E9: 2 | F9: 0.66 | G9: 2 | H9: 1 | I9: 2 | J9: 2 | K9: =SUM(B9:J9) -> 14.66 | L9: =(K9/18) -> 0.81444444
A10: Aluno 6 | B10: 2 | C10: 1 | D10: 2 | E10: 2 | F10: 0.66 | G10: 0 | H10: 0 | I10: 2 | J10: 2 | K10: =SUM(B10:J10) -> 11.66 | L10: =(K10/18) -> 0.64777778
A11: Aluno 7 | B11: 2 | C11: 2 | D11: 2 | E11: 0 | F11: 0.66 | G11: 0 | H11: 0 | I11: 2 | J11: 2 | K11: =SUM(B11:J11) -> 10.66 | L11: =(K11/18) -> 0.59222222
A12: Aluno 8 | B12: 2 | C12: 2 | D12: 2 | E12: 0 | F12: 1 | G12: 0 | H12: 0 | I12: 2 | J12: 2 | K12: =SUM(B12:J12) -> 11 | L12: =(K12/18) -> 0.61111111
A13: Aluno 9 | B13: 2 | C13: 2 | D13: 2 | E13: 0 | F13: 0.66 | G13: 2 | H13: 1 | I13: 2 | J13: 2 | K13: =SUM(B13:J13) -> 13.66 | L13: =(K13/18) -> 0.75888889
A14: Aluno 10 | B14: 2 | C14: 2 | D14: 2 | E14: 0 | F14: 1.33 | G14: 2 | H14: 1 | I14: 2 | J14: 2 | K14: =SUM(B14:J14) -> 14.33 | L14: =(K14/18) -> 0.79611111
A15: Aluno 11 | B15: 2 | C15: 1 | D15: 2 | E15: 2 | F15: 0.66 | G15: 2 | H15: 1 | I15: 2 | J15: 2 | K15: =SUM(B15:J15) -> 14.66 | L15: =(K15/18) -> 0.81444444
A16: Aluno 12 | B16: 2 | C16: 2 | D16: 2 | E16: 2 | F16: 0.33 | G16: 2 | H16: 1 | I16: 2 | J16: 2 | K16: =SUM(B16:J16) -> 15.33 | L16: =(K16/18) -> 0.85166667
A17: Aluno 13 | B17: 1 | C17: 0 | D17: 2 | E17: 2 | F17: 1 | G17: 2 | H17: 1 | I17: 2 | J17: 2 | K17: =SUM(B17:J17) -> 13 | L17: =(K17/18) -> 0.72222222
A18: Média do Critério | B18: =AVERAGE(B5:B17) -> 1.7692308 | C18: =AVERAGE(C5:C17) -> 1.4615385 | D18: =AVERAGE(D5:D17) -> 2 | E18: =AVERAGE(E5:E17) -> 0.76923077 | F18: =AVERAGE(F5:F17) -> 0.84230769 | G18: =AVERAGE(G5:G17) -> 1.0769231 | H18: =AVERAGE(H5:H17) -> 0.53846154 | I18: =AVERAGE(I5:I17) -> 2 | ... L18: =AVERAGE(L5:L17) -> 0.69209402
A19: LEGENDA RÁPIDA DAS 9 RUBRICAS (Notas: 2 = Seguro, 1 = Parcial/Desvio, 0 = Inseguro)
A20: Critério | B20: Descrição do Item | C20: Nota 2 (Seguro) | D20: Nota 1 (Parcial) | E20: Nota 0 (Inseguro)
A21: 1. Jaleco | B21: Vestimenta de Proteção | C21: Totalmente abotoado | D21: Aberto na maior parte | E21: Sem jaleco (usar do laboratório)
A22: 2. Cabelos/Cabeça | B22: Contenção de Cabelos e Bonés | C22: Presos / Sem boné | D22: Semi-presos | E22: Soltos / Boné inadequado
A23: 3. Calçados | B23: Uso de Calçados | C23: Totalmente fechados | D23: Sapatilha, alpargata e similar | E23: Abertos (sandálias/chinelos)
A24: 4. Insp. Vidraria | B24: Inspeção de Integridade | C24: Inspecionou trincas/lascas | D24: Sem inspeção, cuidado padrão | E24: Usou vidraria danificada sem aviso
A25: 5. Leitura Menisco | B25: Técnica de Leitura de Volume | C25: Olhos na altura correta | D25: Inclinado levemente | E25: Erro de paralaxe severo / Mov. brusco
A26: 6. Assepsia Balança | B26: Conservação do Equipamento | C26: Limpo imediatamente | D26: Sujeira leve (aviso prévio) | E26: Líquido direto no prato / Resíduo
A27: 7. Manip. Balança | B27: Uso de Espátula e Recipientes | C27: Usa espátula / Estável | D27: Dificuldade leve | E27: Contato com as mãos / Derramamento
A28: 8. Org. Bancada | B28: Organização do Espaço | C28: Apenas o essencial | D28: Itens extras | E28: Bancada caótica / Risco de queda
A29: 9. Gestão Resíduos | B29: Proatividade no Descarte | C29: Pergunta e descarta certo | D29: Hesita, mas corrige | E29: Descarte incorreto sem verificar

Sheet Observação Avaliador C- Turma c
A1: Ficha de Observador - Avaliação Individual de Segurança (IDSA) | B1: Aula: Medidas e Erros
A2: Turma: [ x ] Controle [ ] Experimental | B2: Data: 11/09/2026
A4: Nome do Aluno | B4: 1. Jaleco (0-2) | C4: 2. Cabelos/Cabeça (0-2) | D4: 3. Calçados (0-2) | E4: 4. Insp. Vidraria (0-2) | F4: 5. Leitura Menisco (0-2) | G4: 6. Assepsia Balança (0-2) | H4: 7. Manip. Balança (0-2) | I4: 8. Org. Bancada (0-2) | J4: 9. Gestão Resíduos (0-2) | K4: Total (Máx 18) | L4: IDSA | M4: Observações / Desvios
A5: Kethelen (óculos) | B5: 2 | C5: 1 | D5: 2 | E5: 1 | F5: 2 | G5: 2 | H5: 1 | I5: 2 | J5: 2 | K5: =SUM(B5:J5) -> 15 | L5: =(K5/18) -> 0.83333333
A6: Camila | B6: 2 | C6: 2 | D6: 2 | E6: 1 | F6: 1 | G6: 2 | H6: 1 | I6: 2 | J6: 2 | K6: =SUM(B6:J6) -> 15 | L6: =(K6/18) -> 0.83333333
A7: ... Soares | B7: 2 | C7: 1 | D7: 2 | E7: 1 | F7: 0* | G7: 2 | H7: 2 | I7: 1* | J7: 2 | K7: =SUM(B7:J7) -> 12 | L7: =(K7/18) -> 0.66666667
A8: Camile | B8: 2 | C8: 0 | D8: 2 | E8: 1 | F8: 0* | G8: 2 | H8: 2 | I8: 1* | J8: 2 | K8: =SUM(B8:J8) -> 11 | L8: =(K8/18) -> 0.61111111
A9: Natália (óculos) | B9: 2 | C9: 1 | D9: 2 | E9: 2 | F9: 1 | G9: 2 | H9: 1 | I9: 2 | J9: 2 | K9: =SUM(B9:J9) -> 15 | L9: =(K9/18) -> 0.83333333
A10: Heloísa | B10: 2 | C10: 0 | D10: 2 | E10: 2 | F10: 0* | G10: 2 | H10: 1 | I10: 2 | J10: 2 | K10: =SUM(B10:J10) -> 13 | L10: =(K10/18) -> 0.72222222
A11: Eduarda | B11: 2 | C11: 1 | D11: 2 | E11: 1 | F11: 2 | G11: 1 | H11: 1 | I11: 2 | J11: 2 | K11: =SUM(B11:J11) -> 14 | L11: =(K11/18) -> 0.77777778
A12: Gabriela | B12: 2 | C12: 1 | D12: 2 | E12: 1 | F12: 2 | G12: 1 | H12: 1 | I12: 2 | J12: 2 | K12: =SUM(B12:J12) -> 14 | L12: =(K12/18) -> 0.77777778
A13: Alexandra | B13: 2 | C13: 2 | D13: 2 | E13: 1 | F13: 2 | G13: - | H13: - | I13: 2 | J13: 2 | K13: =SUM(B13:J13) -> 13 | L13: =(K13/18) -> 0.72222222
A14: Tiago | B14: 2 | C14: 2 | D14: 2 | E14: 1 | F14: 2 | G14: - | H14: - | I14: 2 | J14: 2 | K14: =SUM(B14:J14) -> 13 | L14: =(K14/18) -> 0.72222222
A15: Gabriele | B15: 2 | C15: 1 | D15: 2 | E15: 2 | F15: 1 | G15: 1 | H15: 1* | I15: 2 | J15: 2 | K15: =SUM(B15:J15) -> 13 | L15: =(K15/18) -> 0.72222222
A16: Média do Critério | B16: =AVERAGE(B5:B12) -> 2 | C16: =AVERAGE(C5:C12) -> 0.875 | D16: =AVERAGE(D5:D12) -> 2 | E16: =AVERAGE(E5:E12) -> 1.25 | F16: =AVERAGE(F5:F12) -> 1.6 | G16: =AVERAGE(G5:G12) -> 1.75 | H16: =AVERAGE(H5:H12) -> 1.25 | I16: =AVERAGE(I5:I12) -> 2 | J16: =AVERAGE(J5:J12) -> 2 | K16: =AVERAGE(K5:K15) -> 13.454545 | L16: =AVERAGE(L5:L15) -> 0.74747475
A18: LEGENDA RÁPIDA DAS 9 RUBRICAS (Notas: 2 = Seguro, 1 = Parcial/Desvio, 0 = Inseguro)
A19: Critério | B19: Descrição do Item | C19: Nota 2 (Seguro) | D19: Nota 1 (Parcial) | E19: Nota 0 (Inseguro)
A20: 1. Jaleco | B20: Vestimenta de Proteção | C20: Totalmente abotoado | D20: Aberto na maior parte | E20: Sem jaleco (usar do laboratório)
A21: 2. Cabelos/Cabeça | B21: Contenção de Cabelos e Bonés | C21: Presos / Sem boné | D21: Semi-presos | E21: Soltos / Boné inadequado
A22: 3. Calçados | B22: Uso de Calçados | C22: Totalmente fechados | D22: Sapatilha, alpargata e similar | E22: Abertos (sandálias/chinelos)
A23: 4. Insp. Vidraria | B23: Inspeção de Integridade | C23: Inspecionou trincas/lascas | D23: Sem inspeção, cuidado padrão | E23: Usou vidraria danificada sem aviso
A24: 5. Leitura Menisco | B24: Técnica de Leitura de Volume | C24: Olhos na altura correta | D24: Inclinado levemente | E24: Erro de paralaxe severo / Mov. brusco
A25: 6. Assepsia Balança | B25: Conservação do Equipamento | C25: Limpo imediatamente | D25: Sujeira leve (aviso prévio) | E25: Líquido direto no prato / Resíduo
A26: 7. Manip. Balança | B26: Uso de Espátula e Recipientes | C26: Usa espátula / Estável | D26: Dificuldade leve | E26: Contato com as mãos / Derramamento
A27: 8. Org. Bancada | B27: Organização do Espaço | C27: Apenas o essencial | D27: Itens extras | E27: Bancada caótica / Risco de queda
A28: 9. Gestão Resíduos | B28: Proatividade no Descarte | C28: Pergunta e descarta certo | D28: Hesita, mas corrige | E28: Descarte incorreto sem verificar

Sheet Resumo por Avaliador
B1: 1. Jaleco | C1: 2. Cabelos/Cabeça | D1: 3. Calçados | E1: 4. Insp. Vidraria | F1: 5. Leitura Menisco | G1: 6. Assepsia Balança | H1: 7. Manip. Balança | I1: 8. Org. Bancada | J1: 9. Gestão Resíduos | K1: Total
A2: Avaliador B Exp - Média | B2: =AVERAGE('Observação Avaliador B- Turma e'!B$5:B$13) -> 2 | C2: =AVERAGE('Observação Avaliador B- Turma e'!C$5:C$13) -> 1.7777778 | D2: =AVERAGE('Observação Avaliador B- Turma e'!D$5:D$13) -> 2 | E2: =AVERAGE('Observação Avaliador B- Turma e'!E$5:E$13) -> 0 | F2: =AVERAGE('Observação Avaliador B- Turma e'!F$5:F$13) -> 1.7777778 | G2: =AVERAGE('Observação Avaliador B- Turma e'!G$5:G$13) -> 1.3333333 | H2: =AVERAGE('Observação Avaliador B- Turma e'!H$5:H$13) -> 1 | I2: =AVERAGE('Observação Avaliador B- Turma e'!I$5:I$13) -> 2 | ... K2: =AVERAGE('Observação Avaliador B- Turma e'!K$5:K$13) -> 13.888889
A3: Mediana | B3: =MEDIAN('Observação Avaliador B- Turma e'!B$5:B$13) -> 2 | C3: =MEDIAN('Observação Avaliador B- Turma e'!C$5:C$13) -> 2 | D3: =MEDIAN('Observação Avaliador B- Turma e'!D$5:D$13) -> 2 | E3: =MEDIAN('Observação Avaliador B- Turma e'!E$5:E$13) -> 0 | F3: =MEDIAN('Observação Avaliador B- Turma e'!F$5:F$13) -> 2 | G3: =MEDIAN('Observação Avaliador B- Turma e'!G$5:G$13) -> 2 | H3: =MEDIAN('Observação Avaliador B- Turma e'!H$5:H$13) -> 1 | I3: =MEDIAN('Observação Avaliador B- Turma e'!I$5:I$13) -> 2 | ... K3: =MEDIAN('Observação Avaliador B- Turma e'!K$5:K$13) -> 14
A4: Mínimo | B4: =MIN('Observação Avaliador B- Turma e'!B$5:B$13) -> 2 | C4: =MIN('Observação Avaliador B- Turma e'!C$5:C$13) -> 1 | D4: =MIN('Observação Avaliador B- Turma e'!D$5:D$13) -> 2 | E4: =MIN('Observação Avaliador B- Turma e'!E$5:E$13) -> 0 | F4: =MIN('Observação Avaliador B- Turma e'!F$5:F$13) -> 1 | G4: =MIN('Observação Avaliador B- Turma e'!G$5:G$13) -> 0 | H4: =MIN('Observação Avaliador B- Turma e'!H$5:H$13) -> 0 | I4: =MIN('Observação Avaliador B- Turma e'!I$5:I$13) -> 2 | J4: =MIN('Observação Avaliador B- Turma e'!J$5:J$13) -> 2 | K4: =MIN('Observação Avaliador B- Turma e'!K$4:K$16) -> 11
A5: Desvio Padrão | B5: =_xlfn.STDEV.S('Observação Avaliador B- Turma e'!B$5:B$13) -> 0 | C5: =_xlfn.STDEV.S('Observação Avaliador B- Turma e'!C$5:C$13) -> 0.44095855 | D5: =_xlfn.STDEV.S('Observação Avaliador B- Turma e'!D$5:D$13) -> 0 | E5: =_xlfn.STDEV.S('Observação Avaliador B- Turma e'!E$5:E$13) -> 0 | F5: =_xlfn.STDEV.S('Observação Avaliador B- Turma e'!F$5:F$13) -> 0.44095855 | G5: =_xlfn.STDEV.S('Observação Avaliador B- Turma e'!G$5:G$13) -> 0.8660254 | H5: =_xlfn.STDEV.S('Observação Avaliador B- Turma e'!H$5:H$13) -> 0.70710678 | I5: =_xlfn.STDEV.S('Observação Avaliador B- Turma e'!I$5:I$13) -> 0 | ... K5: =_xlfn.STDEV.S('Observação Avaliador B- Turma e'!K$5:K$13) -> 1.6914819
A6: CV | B6: =IFERROR(B5/B2, 0) -> 0 | C6: =IFERROR(C5/C2, 0) -> 0.24803919 | D6: =IFERROR(D5/D2, 0) -> 0 | E6: =IFERROR(E5/E2, 0) -> 0 | F6: =IFERROR(F5/F2, 0) -> 0.24803919 | G6: =IFERROR(G5/G2, 0) -> 0.64951905 | H6: =IFERROR(H5/H2, 0) -> 0.70710678 | I6: =IFERROR(I5/I2, 0) -> 0 | ... K6: =IFERROR(K5/K2, 0) -> 0.1217867
A8: Avaliador A Exp - Média | B8: =AVERAGE('Observação Avaliador A - Turma '!B$5:B$13) -> 2 | C8: =AVERAGE('Observação Avaliador A - Turma '!C$5:C$13) -> 1.7777778 | D8: =AVERAGE('Observação Avaliador A - Turma '!D$5:D$13) -> 2 | E8: =AVERAGE('Observação Avaliador A - Turma '!E$5:E$13) -> 0 | F8: =AVERAGE('Observação Avaliador A - Turma '!F$5:F$13) -> 1.7777778 | G8: =AVERAGE('Observação Avaliador A - Turma '!G$5:G$13) -> 1.5555556 | H8: =AVERAGE('Observação Avaliador A - Turma '!H$5:H$13) -> 0.77777778 | I8: =AVERAGE('Observação Avaliador A - Turma '!I$5:I$13) -> 2 | J8: =AVERAGE('Observação Avaliador A - Turma '!J$5:J$13) -> 2 | K8: =AVERAGE('Observação Avaliador B- Turma e'!K$5:K$13) -> 13.888889
A9: Mediana | B9: =MEDIAN('Observação Avaliador A - Turma '!B$5:B$13) -> 2 | C9: =MEDIAN('Observação Avaliador A - Turma '!C$5:C$13) -> 2 | D9: =MEDIAN('Observação Avaliador A - Turma '!D$5:D$13) -> 2 | E9: =MEDIAN('Observação Avaliador A - Turma '!E$5:E$13) -> 0 | F9: =MEDIAN('Observação Avaliador A - Turma '!F$5:F$13) -> 2 | G9: =MEDIAN('Observação Avaliador A - Turma '!G$5:G$13) -> 2 | H9: =MEDIAN('Observação Avaliador A - Turma '!H$5:H$13) -> 1 | I9: =MEDIAN('Observação Avaliador A - Turma '!I$5:I$13) -> 2 | J9: =MEDIAN('Observação Avaliador A - Turma '!J$5:J$13) -> 2 | K9: =MEDIAN('Observação Avaliador B- Turma e'!K$5:K$13) -> 14
A10: Mínimo | B10: =MIN('Observação Avaliador A - Turma '!B$5:B$13) -> 2 | C10: =MIN('Observação Avaliador A - Turma '!C$5:C$13) -> 1 | D10: =MIN('Observação Avaliador A - Turma '!D$5:D$13) -> 2 | E10: =MIN('Observação Avaliador A - Turma '!E$5:E$13) -> 0 | F10: =MIN('Observação Avaliador A - Turma '!F$5:F$13) -> 1 | G10: =MIN('Observação Avaliador A - Turma '!G$5:G$13) -> 0 | H10: =MIN('Observação Avaliador A - Turma '!H$5:H$13) -> 0 | I10: =MIN('Observação Avaliador A - Turma '!I$5:I$13) -> 2 | J10: =MIN('Observação Avaliador A - Turma '!J$5:J$13) -> 2 | K10: =MIN('Observação Avaliador B- Turma e'!K$5:K$13) -> 11
A11: Desvio Padrão | B11: =_xlfn.STDEV.S('Observação Avaliador A - Turma '!B$5:B$13) -> 0 | C11: =_xlfn.STDEV.S('Observação Avaliador A - Turma '!C$5:C$13) -> 0.44095855 | D11: =_xlfn.STDEV.S('Observação Avaliador A - Turma '!D$5:D$13) -> 0 | E11: =_xlfn.STDEV.S('Observação Avaliador A - Turma '!E$5:E$13) -> 0 | F11: =_xlfn.STDEV.S('Observação Avaliador A - Turma '!F$5:F$13) -> 0.44095855 | G11: =_xlfn.STDEV.S('Observação Avaliador A - Turma '!G$5:G$13) -> 0.8819171 | H11: =_xlfn.STDEV.S('Observação Avaliador A - Turma '!H$5:H$13) -> 0.44095855 | I11: =_xlfn.STDEV.S('Observação Avaliador A - Turma '!I$5:I$13) -> 0 | J11: =_xlfn.STDEV.S('Observação Avaliador A - Turma '!J$5:J$13) -> 0 | K11: =_xlfn.STDEV.S('Observação Avaliador B- Turma e'!K$5:K$13) -> 1.6914819
A12: CV | B12: =IFERROR(B11/B8, 0) -> 0 | C12: =IFERROR(C11/C8, 0) -> 0.24803919 | D12: =IFERROR(D11/D8, 0) -> 0 | E12: =IFERROR(E11/E8, 0) -> 0 | F12: =IFERROR(F11/F8, 0) -> 0.24803919 | G12: =IFERROR(G11/G8, 0) -> 0.56694671 | H12: =IFERROR(H11/H8, 0) -> 0.56694671 | I12: =IFERROR(I11/I8, 0) -> 0 | ... K12: =IFERROR(K11/K8, 0) -> 0.1217867
A14: Avaliador A Con - Média | B14: =AVERAGE('Página3'!B$5:B$17) -> 1.7692308 | C14: =AVERAGE('Página3'!C$5:C$17) -> 1.4615385 | D14: =AVERAGE('Página3'!D$5:D$17) -> 2 | E14: =AVERAGE('Página3'!E$5:E$17) -> 0.76923077 | F14: =AVERAGE('Página3'!F$5:F$17) -> 0.84230769 | G14: =AVERAGE('Página3'!G$5:G$17) -> 1.0769231 | H14: =AVERAGE('Página3'!H$5:H$17) -> 0.53846154 | I14: =AVERAGE('Página3'!I$5:I$17) -> 2 | ... K14: =AVERAGE('Página3'!K$5:K$17) -> 12.457692
A15: Mediana | B15: =MEDIAN('Página3'!B$5:B$17) -> 2 | C15: =MEDIAN('Página3'!C$5:C$17) -> 2 | D15: =MEDIAN('Página3'!D$5:D$17) -> 2 | E15: =MEDIAN('Página3'!E$5:E$17) -> 0 | F15: =MEDIAN('Página3'!F$5:F$17) -> 0.66 | G15: =MEDIAN('Página3'!G$5:G$17) -> 2 | H15: =MEDIAN('Página3'!H$5:H$17) -> 1 | I15: =MEDIAN('Página3'!I$5:I$17) -> 2 | ... K15: =MEDIAN('Página3'!K$5:K$17) -> 13
A16: Mínimo | B16: =MIN('Página3'!B$5:B$17) -> 1 | C16: =MIN('Página3'!C$5:C$17) -> 0 | D16: =MIN('Página3'!D$5:D$17) -> 2 | E16: =MIN('Página3'!E$5:E$17) -> 0 | F16: =MIN('Página3'!F$5:F$17) -> 0.33 | G16: =MIN('Página3'!G$5:G$17) -> 0 | H16: =MIN('Página3'!H$5:H$17) -> 0 | I16: =MIN('Página3'!I$5:I$17) -> 2 | ... K16: =MIN('Página3'!K$5:K$17) -> 8.66
A17: Desvio Padrão | B17: =_xlfn.STDEV.S('Página3'!B$5:B$17) -> 0.43852901 | C17: =_xlfn.STDEV.S('Página3'!C$5:C$17) -> 0.66022529 | D17: =_xlfn.STDEV.S('Página3'!D$5:D$17) -> 0 | E17: =_xlfn.STDEV.S('Página3'!E$5:E$17) -> 1.0127394 | F17: =_xlfn.STDEV.S('Página3'!F$5:F$17) -> 0.29397148 | G17: =_xlfn.STDEV.S('Página3'!G$5:G$17) -> 1.037749 | H17: =_xlfn.STDEV.S('Página3'!H$5:H$17) -> 0.51887452 | I17: =_xlfn.STDEV.S('Página3'!I$5:I$17) -> 0 | ... K17: =_xlfn.STDEV.S('Página3'!K$5:K$17) -> 2.0525803
A18: CV | B18: =IFERROR(B17/B14, 0) -> 0.24786422 | C18: =IFERROR(C17/C14, 0) -> 0.45173309 | D18: =IFERROR(D17/D14, 0) -> 0 | E18: =IFERROR(E17/E14, 0) -> 1.3165612 | F18: =IFERROR(F17/F14, 0) -> 0.34900724 | G18: =IFERROR(G17/G14, 0) -> 0.96362411 | H18: =IFERROR(H17/H14, 0) -> 0.96362411 | I18: =IFERROR(I17/I14, 0) -> 0 | ... K18: =IFERROR(K17/K14, 0) -> 0.16476409
A20: Avaliador C Con - Média | B20: =AVERAGE('Observação Avaliador C- Turma c'!B$5:B$15) -> 2 | C20: =AVERAGE('Observação Avaliador C- Turma c'!C$5:C$15) -> 1.0909091 | D20: =AVERAGE('Observação Avaliador C- Turma c'!D$5:D$15) -> 2 | E20: =AVERAGE('Observação Avaliador C- Turma c'!E$5:E$15) -> 1.2727273 | F20: =AVERAGE('Observação Avaliador C- Turma c'!F$5:F$15) -> 1.625 | G20: =AVERAGE('Observação Avaliador C- Turma c'!G$5:G$15) -> 1.6666667 | H20: =AVERAGE('Observação Avaliador C- Turma c'!H$5:H$15) -> 1.25 | I20: =AVERAGE('Observação Avaliador C- Turma c'!I$5:I$15) -> 2 | ... K20: =AVERAGE('Observação Avaliador C- Turma c'!K$5:K$15) -> 13.454545
A21: Mediana | B21: =MEDIAN('Observação Avaliador C- Turma c'!B$5:B$15) -> 2 | C21: =MEDIAN('Observação Avaliador C- Turma c'!C$5:C$15) -> 1 | D21: =MEDIAN('Observação Avaliador C- Turma c'!D$5:D$15) -> 2 | E21: =MEDIAN('Observação Avaliador C- Turma c'!E$5:E$15) -> 1 | F21: =MEDIAN('Observação Avaliador C- Turma c'!F$5:F$15) -> 2 | G21: =MEDIAN('Observação Avaliador C- Turma c'!G$5:G$15) -> 2 | H21: =MEDIAN('Observação Avaliador C- Turma c'!H$5:H$15) -> 1 | I21: =MEDIAN('Observação Avaliador C- Turma c'!I$5:I$15) -> 2 | ... K21: =MEDIAN('Observação Avaliador C- Turma c'!K$5:K$15) -> 13
A22: Mínimo | B22: =MIN('Observação Avaliador C- Turma c'!B$5:B$15) -> 2 | C22: =MIN('Observação Avaliador C- Turma c'!C$5:C$15) -> 0 | D22: =MIN('Observação Avaliador C- Turma c'!D$5:D$15) -> 2 | E22: =MIN('Observação Avaliador C- Turma c'!E$5:E$15) -> 1 | F22: =MIN('Observação Avaliador C- Turma c'!F$5:F$15) -> 1 | G22: =MIN('Observação Avaliador C- Turma c'!G$5:G$15) -> 1 | H22: =MIN('Observação Avaliador C- Turma c'!H$5:H$15) -> 1 | I22: =MIN('Observação Avaliador C- Turma c'!I$5:I$15) -> 2 | ... K22: =MIN('Observação Avaliador C- Turma c'!K$5:K$15) -> 11
A23: Desvio Padrão | B23: =_xlfn.STDEV.S('Observação Avaliador C- Turma c'!B$4:B$16) -> 0 | C23: =_xlfn.STDEV.S('Observação Avaliador C- Turma c'!C$5:C$15) -> 0.70064905 | D23: =_xlfn.STDEV.S('Observação Avaliador C- Turma c'!D$5:D$15) -> 0 | E23: =_xlfn.STDEV.S('Observação Avaliador C- Turma c'!E$5:E$15) -> 0.46709937 | F23: =_xlfn.STDEV.S('Observação Avaliador C- Turma c'!F$5:F$15) -> 0.51754917 | G23: =_xlfn.STDEV.S('Observação Avaliador C- Turma c'!G$5:G$15) -> 0.5 | H23: =_xlfn.STDEV.S('Observação Avaliador C- Turma c'!H$5:H$15) -> 0.46291005 | I23: =_xlfn.STDEV.S('Observação Avaliador C- Turma c'!I$5:I$15) -> 0 | J23: =_xlfn.STDEV.S('Observação Avaliador C- Turma c'!J$5:J$15) -> 0 | K23: =_xlfn.STDEV.S('Observação Avaliador C- Turma c'!K$5:K$15) -> 1.2933396
A24: CV | B24: =IFERROR(B23/B20, 0) -> 0 | C24: =IFERROR(C23/C20, 0) -> 0.64226163 | D24: =IFERROR(D23/D20, 0) -> 0 | E24: =IFERROR(E23/E20, 0) -> 0.36700665 | F24: =IFERROR(F23/F20, 0) -> 0.3184918 | G24: =IFERROR(G23/G20, 0) -> 0.3 | H24: =IFERROR(H23/H20, 0) -> 0.37032804 | I24: =IFERROR(I23/I20, 0) -> 0 | ... K24: =IFERROR(K23/K20, 0) -> 0.096126591

Sheet Resumo Geral (Por Turma)
B1: 1. Jaleco | C1: 2. Cabelos/Cabeça | D1: 3. Calçados | E1: 4. Insp. Vidraria | F1: 5. Leitura Menisco | G1: 6. Assepsia Balança | H1: 7. Manip. Balança | I1: 8. Org. Bancada | J1: 9. Gestão Resíduos | K1: Total
A2: Experimental - Média | B2: {=AVERAGE({'Observação Avaliador B- Turma e'!B$5:B$13; 'Observação Avaliador A - Turma '!B$5:B$13})} -> 2 | C2: {=AVERAGE({'Observação Avaliador B- Turma e'!C$5:C$13; 'Observação Avaliador A - Turma '!C$5:C$13})} -> 1.7777778 | D2: {=AVERAGE({'Observação Avaliador B- Turma e'!D$5:D$13; 'Observação Avaliador A - Turma '!D$5:D$13})} -> 2 | E2: {=AVERAGE({'Observação Avaliador B- Turma e'!E$5:E$13; 'Observação Avaliador A - Turma '!E$5:E$13})} -> 0 | F2: {=AVERAGE({'Observação Avaliador B- Turma e'!F$5:F$13; 'Observação Avaliador A - Turma '!F$5:F$13})} -> 1.7777778 | G2: {=AVERAGE({'Observação Avaliador B- Turma e'!G$5:G$13; 'Observação Avaliador A - Turma '!G$5:G$13})} -> 1.4444444 | H2: {=AVERAGE({'Observação Avaliador B- Turma e'!H$5:H$13; 'Observação Avaliador A - Turma '!H$5:H$13})} -> 0.88888889 | I2: {=AVERAGE({'Observação Avaliador B- Turma e'!I$5:I$13; 'Observação Avaliador A - Turma '!I$5:I$13})} -> 2 | ... K2: {=AVERAGE({'Observação Avaliador B- Turma e'!K$5:K$13; 'Observação Avaliador A - Turma '!K$5:K$13})} -> 13.888889
A3: Mediana | B3: {=MEDIAN({'Observação Avaliador B- Turma e'!B$5:B$13; 'Observação Avaliador A - Turma '!B$5:B$13})} -> 2 | C3: {=MEDIAN({'Observação Avaliador B- Turma e'!C$5:C$13; 'Observação Avaliador A - Turma '!C$5:C$13})} -> 2 | D3: {=MEDIAN({'Observação Avaliador B- Turma e'!D$5:D$13; 'Observação Avaliador A - Turma '!D$5:D$13})} -> 2 | E3: {=MEDIAN({'Observação Avaliador B- Turma e'!E$5:E$13; 'Observação Avaliador A - Turma '!E$5:E$13})} -> 0 | F3: {=MEDIAN({'Observação Avaliador B- Turma e'!F$5:F$13; 'Observação Avaliador A - Turma '!F$5:F$13})} -> 2 | G3: {=MEDIAN({'Observação Avaliador B- Turma e'!G$5:G$13; 'Observação Avaliador A - Turma '!G$5:G$13})} -> 2 | H3: {=MEDIAN({'Observação Avaliador B- Turma e'!H$5:H$13; 'Observação Avaliador A - Turma '!H$5:H$13})} -> 1 | I3: {=MEDIAN({'Observação Avaliador B- Turma e'!I$5:I$13; 'Observação Avaliador A - Turma '!I$5:I$13})} -> 2 | ... K3: {=MEDIAN({'Observação Avaliador B- Turma e'!K$5:K$13; 'Observação Avaliador A - Turma '!K$5:K$13})} -> 14
A4: Mínimo | B4: {=MIN({'Observação Avaliador B- Turma e'!B$5:B$13; 'Observação Avaliador A - Turma '!B$5:B$13})} -> 2 | C4: {=MIN({'Observação Avaliador B- Turma e'!C$5:C$13; 'Observação Avaliador A - Turma '!C$5:C$13})} -> 1 | D4: {=MIN({'Observação Avaliador B- Turma e'!D$5:D$13; 'Observação Avaliador A - Turma '!D$5:D$13})} -> 2 | E4: {=MIN({'Observação Avaliador B- Turma e'!E$5:E$13; 'Observação Avaliador A - Turma '!E$5:E$13})} -> 0 | F4: {=MIN({'Observação Avaliador B- Turma e'!F$5:F$13; 'Observação Avaliador A - Turma '!F$5:F$13})} -> 1 | G4: {=MIN({'Observação Avaliador B- Turma e'!G$5:G$13; 'Observação Avaliador A - Turma '!G$5:G$13})} -> 0 | H4: {=MIN({'Observação Avaliador B- Turma e'!H$5:H$13; 'Observação Avaliador A - Turma '!H$5:H$13})} -> 0 | I4: {=MIN({'Observação Avaliador B- Turma e'!I$5:I$13; 'Observação Avaliador A - Turma '!I$5:I$13})} -> 2 | ... K4: {=MIN({'Observação Avaliador B- Turma e'!K$5:K$13; 'Observação Avaliador A - Turma '!K$5:K$13})} -> 11
A5: Desvio Padrão | B5: {=_xlfn.STDEV.S({'Observação Avaliador B- Turma e'!B$5:B$13; 'Observação Avaliador A - Turma '!B$5:B$13})} -> 0 | C5: {=_xlfn.STDEV.S({'Observação Avaliador B- Turma e'!C$5:C$13; 'Observação Avaliador A - Turma '!C$5:C$13})} -> 0.42779263 | D5: {=_xlfn.STDEV.S({'Observação Avaliador B- Turma e'!D$5:D$13; 'Observação Avaliador A - Turma '!D$5:D$13})} -> 0 | E5: {=_xlfn.STDEV.S({'Observação Avaliador B- Turma e'!E$5:E$13; 'Observação Avaliador A - Turma '!E$5:E$13})} -> 0 | F5: {=_xlfn.STDEV.S({'Observação Avaliador B- Turma e'!F$5:F$13; 'Observação Avaliador A - Turma '!F$5:F$13})} -> 0.42779263 | G5: {=_xlfn.STDEV.S({'Observação Avaliador B- Turma e'!G$5:G$13; 'Observação Avaliador A - Turma '!G$5:G$13})} -> 0.85558526 | H5: {=_xlfn.STDEV.S({'Observação Avaliador B- Turma e'!H$5:H$13; 'Observação Avaliador A - Turma '!H$5:H$13})} -> 0.58298309 | I5: {=_xlfn.STDEV.S({'Observação Avaliador B- Turma e'!I$5:I$13; 'Observação Avaliador A - Turma '!I$5:I$13})} -> 0 | ... K5: {=_xlfn.STDEV.S({'Observação Avaliador B- Turma e'!K$5:K$13; 'Observação Avaliador A - Turma '!K$5:K$13})} -> 1.5676468
A6: CV | B6: =IFERROR(B5/B2, 0) -> 0 | C6: =IFERROR(C5/C2, 0) -> 0.24063336 | D6: =IFERROR(D5/D2, 0) -> 0 | E6: =IFERROR(E5/E2, 0) -> 0 | F6: =IFERROR(F5/F2, 0) -> 0.24063336 | G6: =IFERROR(G5/G2, 0) -> 0.59232826 | H6: =IFERROR(H5/H2, 0) -> 0.65585597 | I6: =IFERROR(I5/I2, 0) -> 0 | ... K6: =IFERROR(K5/K2, 0) -> 0.11287057
A8: Controle - Média | B8: {=AVERAGE({'Página3'!B$5:B$17; 'Observação Avaliador C- Turma c'!B$5:B$15})} -> 1.875 | C8: {=AVERAGE({'Página3'!C$5:C$17; 'Observação Avaliador C- Turma c'!C$5:C$15})} -> 1.2916667 | D8: {=AVERAGE({'Página3'!D$5:D$17; 'Observação Avaliador C- Turma c'!D$5:D$15})} -> 2 | E8: {=AVERAGE({'Página3'!E$5:E$17; 'Observação Avaliador C- Turma c'!E$5:E$15})} -> 1 | F8: {=AVERAGE({'Página3'!F$5:F$17; 'Observação Avaliador C- Turma c'!F$5:F$15})} -> 1.1404762 | G8: {=AVERAGE({'Página3'!G$5:G$17; 'Observação Avaliador C- Turma c'!G$5:G$15})} -> 1.3181818 | H8: {=AVERAGE({'Página3'!H$5:H$17; 'Observação Avaliador C- Turma c'!H$5:H$15})} -> 0.80952381 | I8: {=AVERAGE({'Página3'!I$5:I$17; 'Observação Avaliador C- Turma c'!I$5:I$15})} -> 2 | ... K8: {=AVERAGE({'Página3'!K$5:K$17; 'Observação Avaliador C- Turma c'!K$5:K$15})} -> 12.914583
A9: Mediana | B9: {=MEDIAN({'Página3'!B$5:B$17; 'Observação Avaliador C- Turma c'!B$5:B$15})} -> 2 | C9: {=MEDIAN({'Página3'!C$5:C$17; 'Observação Avaliador C- Turma c'!C$5:C$15})} -> 1 | D9: {=MEDIAN({'Página3'!D$5:D$17; 'Observação Avaliador C- Turma c'!D$5:D$15})} -> 2 | E9: {=MEDIAN({'Página3'!E$5:E$17; 'Observação Avaliador C- Turma c'!E$5:E$15})} -> 1 | F9: {=MEDIAN({'Página3'!F$5:F$17; 'Observação Avaliador C- Turma c'!F$5:F$15})} -> 1 | G9: {=MEDIAN({'Página3'!G$5:G$17; 'Observação Avaliador C- Turma c'!G$5:G$15})} -> 2 | H9: {=MEDIAN({'Página3'!H$5:H$17; 'Observação Avaliador C- Turma c'!H$5:H$15})} -> 1 | I9: {=MEDIAN({'Página3'!I$5:I$17; 'Observação Avaliador C- Turma c'!I$5:I$15})} -> 2 | ... K9: {=MEDIAN({'Página3'!K$5:K$17; 'Observação Avaliador C- Turma c'!K$5:K$15})} -> 13
A10: Mínimo | B10: {=MIN({'Página3'!B$5:B$17; 'Observação Avaliador C- Turma c'!B$5:B$15})} -> 1 | C10: {=MIN({'Página3'!C$5:C$17; 'Observação Avaliador C- Turma c'!C$5:C$15})} -> 0 | D10: {=MIN({'Página3'!D$5:D$17; 'Observação Avaliador C- Turma c'!D$5:D$15})} -> 2 | E10: {=MIN({'Página3'!E$5:E$17; 'Observação Avaliador C- Turma c'!E$5:E$15})} -> 0 | F10: {=MIN({'Página3'!F$5:F$17; 'Observação Avaliador C- Turma c'!F$5:F$15})} -> 0.33 | G10: {=MIN({'Página3'!G$5:G$17; 'Observação Avaliador C- Turma c'!G$5:G$15})} -> 0 | H10: {=MIN({'Página3'!H$5:H$17; 'Observação Avaliador C- Turma c'!H$5:H$15})} -> 0 | I10: {=MIN({'Página3'!I$5:I$17; 'Observação Avaliador C- Turma c'!I$5:I$15})} -> 2 | ... K10: {=MIN({'Página3'!K$5:K$17; 'Observação Avaliador C- Turma c'!K$5:K$15})} -> 8.66
A11: Desvio Padrão | B11: {=_xlfn.STDEV.S({'Página3'!B$5:B$17; 'Observação Avaliador C- Turma c'!B$5:B$15})} -> 0.33783196 | C11: {=_xlfn.STDEV.S({'Página3'!C$5:C$17; 'Observação Avaliador C- Turma c'!C$5:C$15})} -> 0.69025305 | D11: {=_xlfn.STDEV.S({'Página3'!D$5:D$17; 'Observação Avaliador C- Turma c'!D$5:D$15})} -> 0 | E11: {=_xlfn.STDEV.S({'Página3'!E$5:E$17; 'Observação Avaliador C- Turma c'!E$5:E$15})} -> 0.83405766 | F11: {=_xlfn.STDEV.S({'Página3'!F$5:F$17; 'Observação Avaliador C- Turma c'!F$5:F$15})} -> 0.54524743 | G11: {=_xlfn.STDEV.S({'Página3'!G$5:G$17; 'Observação Avaliador C- Turma c'!G$5:G$15})} -> 0.8937009 | H11: {=_xlfn.STDEV.S({'Página3'!H$5:H$17; 'Observação Avaliador C- Turma c'!H$5:H$15})} -> 0.60158521 | I11: {=_xlfn.STDEV.S({'Página3'!I$5:I$17; 'Observação Avaliador C- Turma c'!I$5:I$15})} -> 0 | ... K11: {=_xlfn.STDEV.S({'Página3'!K$5:K$17; 'Observação Avaliador C- Turma c'!K$5:K$15})} -> 1.7840501
A12: CV | B12: =IFERROR(B11/B8, 0) -> 0.18017705 | C12: =IFERROR(C11/C8, 0) -> 0.53438946 | D12: =IFERROR(D11/D8, 0) -> 0 | E12: =IFERROR(E11/E8, 0) -> 0.83405766 | F12: =IFERROR(F11/F8, 0) -> 0.47808752 | G12: =IFERROR(G11/G8, 0) -> 0.67797999 | H12: =IFERROR(H11/H8, 0) -> 0.74313467 | I12: =IFERROR(I11/I8, 0) -> 0 | ... K12: =IFERROR(K11/K8, 0) -> 0.13814229
